37.406245,-121.964181,5026 Calle De Escuela,SANTA CLARA,CA,95054,2.0,2.0,1121.0,3410.0,1972,858000,885801,Townhouse for sale,days,299,http://www.zillow.com/homes/recently_sold//homedetails/5026-Calle-De-Escuela-Santa-Clara-CA-95054/19488505_zpid/
37.401908,-122.01203,571 Kiholo Ter,SUNNYVALE,CA,94089,3.0,3.0,1600.0,1067.0,2004,1460000,1454771,Townhouse for sale,days,46,http://www.zillow.com/homes/recently_sold//homedetails/571-Kiholo-Ter-Sunnyvale-CA-94089/64648982_zpid/
37.406457,-122.062341,89 Fairchild Dr,Mountain View,CA,94043,4.0,4.0,1674.0,-1.0,2018,1458152,1729596,New construction,Sun:10AM-5PM;Mon:...,157,http://www.zillow.com/homes/recently_sold//homedetails/89-Fairchild-Dr-Mountain-View-CA-94043/2087583896_zpid/
37.406457,-122.062341,631 Cinnamon Cir,Mountain View,CA,94043,4.0,4.0,1602.0,-1.0,2018,1422085,1679885,New construction,Sun:10AM-5PM;Mon:...,16,http://www.zillow.com/homes/recently_sold//homedetails/631-Cinnamon-Cir-Mountain-View-CA-94043/2088634539_zpid/
37.406457,-122.062341,630 Tyrella Ave # Q85NR2,Mountain View,CA,94043,2.0,3.0,1122.0,-1.0,2019,1299000,1179754,New construction,Sun:10AM-5PM;Mon:...,11,"http://www.zillow.com/homes/recently_sold/2085656620_zpid/any_days/globalrelevanceex_sort/29.759534,-95.335321,29.675003,-95.502863_rect/12_zm/"
37.406457,-122.062341,79 Fairchild Dr,Mountain View,CA,94043,4.0,4.0,1602.0,-1.0,-1,1374880,1641615,New construction,Sun:10AM-5PM;Mon:...,7,http://www.zillow.com/homes/recently_sold//homedetails/79-Fairchild-Dr-Mountain-View-CA-94043/2085589075_zpid/
37.406457,-122.062341,630 Tyrella Ave # PA2FHD,Mountain View,CA,94043,4.0,4.0,1674.0,-1.0,2019,1579000,1705131,New construction,Sun:10AM-5PM;Mon:...,11,"http://www.zillow.com/homes/recently_sold/2085656619_zpid/any_days/globalrelevanceex_sort/29.759534,-95.335321,29.675003,-95.502863_rect/12_zm/"
37.406457,-122.062341,645 Cinnamon Cir,Mountain View,CA,94043,2.0,3.0,1122.0,-1.0,2018,1312387,1237402,New construction,Sun:10AM-5PM;Mon:...,237,http://www.zillow.com/homes/recently_sold//homedetails/645-Cinnamon-Cir-Mountain-View-CA-94043/2088623508_zpid/
37.339166,-121.895498,255 N Market St # 9FLXE7,San Jose,CA,95110,3.0,3.0,1579.0,-1.0,2019,1140000,1113228,New construction,Open,2,"http://www.zillow.com/homes/recently_sold/2088710043_zpid/any_days/globalrelevanceex_sort/29.759534,-95.335321,29.675003,-95.502863_rect/12_zm/"
37.339166,-121.895498,255 N Market St # T1WNE6,San Jose,CA,95110,2.0,2.5,1301.0,-1.0,2019,959025,975453,New construction,Open,11,"http://www.zillow.com/homes/recently_sold/2088710047_zpid/any_days/globalrelevanceex_sort/29.759534,-95.335321,29.675003,-95.502863_rect/12_zm/"
37.339166,-121.895498,255 N Market St # 5WJVBJ,San Jose,CA,95110,2.0,2.5,1331.0,-1.0,2019,975000,990033,New construction,Open,20,"http://www.zillow.com/homes/recently_sold/2088710041_zpid/any_days/globalrelevanceex_sort/29.759534,-95.335321,29.675003,-95.502863_rect/12_zm/"
37.339166,-121.895498,255 N Market St # W76A05,San Jose,CA,95110,2.0,2.5,1487.0,-1.0,2019,1037791,1045137,New construction,Open,7,"http://www.zillow.com/homes/recently_sold/2088710042_zpid/any_days/globalrelevanceex_sort/29.759534,-95.335321,29.675003,-95.502863_rect/12_zm/"
37.339166,-121.895498,255 N Market St # EZA7A1,San Jose,CA,95110,2.0,2.5,1302.0,-1.0,2019,990546,974885,New construction,Open,9,"http://www.zillow.com/homes/recently_sold/2088710046_zpid/any_days/globalrelevanceex_sort/29.759534,-95.335321,29.675003,-95.502863_rect/12_zm/"
37.29992,-121.83755,677 Dadis Way,SAN JOSE,CA,95111,3.0,2.5,1328.0,2619.0,1999,730000,709560,Townhouse for sale,days,150,http://www.zillow.com/homes/recently_sold//homedetails/677-Dadis-Way-San-Jose-CA-95111/19738916_zpid/
37.290203,-121.854129,209 Siderno Ct,San Jose,CA,95111,3.0,4.0,1856.0,1018.0,2015,896000,899628,Townhouse for sale,Sun.,18,http://www.zillow.com/homes/recently_sold//homedetails/209-Siderno-Ct-San-Jose-CA-95111/166729960_zpid/
37.291829,-121.853008,2727 Terni Ct # 5,San Jose,CA,95111,3.0,4.0,1848.0,435.0,2016,938888,898276,Townhouse for sale,Sun.,19,http://www.zillow.com/homes/recently_sold//homedetails/2727-Terni-Ct-5-San-Jose-CA-95111/243211777_zpid/
37.243907,-121.798161,5970 Golden Vista Dr,San Jose,CA,95123,3.0,4.0,1793.0,1793.0,2016,878000,888724,For sale by owner,days,9,http://www.zillow.com/homes/recently_sold//homedetails/5970-Golden-Vista-Dr-San-Jose-CA-95123/166727154_zpid/
37.242206,-121.794962,6102 Charlotte Dr,San Jose,CA,95123,3.0,4.0,1901.0,1716.0,2016,919000,886488,Townhouse for sale,Sun.,3,http://www.zillow.com/homes/recently_sold//homedetails/6102-Charlotte-Dr-San-Jose-CA-95123/166729542_zpid/
37.288235,-121.871605,2690 Villa Cortona Way,SAN JOSE,CA,95125,3.0,4.0,1963.0,1176.0,2005,899000,901998,Townhouse for sale,Sun.,25,http://www.zillow.com/homes/recently_sold//homedetails/2690-Villa-Cortona-Way-San-Jose-CA-95125/69299752_zpid/
37.254063,-121.840209,5496 Don Diego Ct,SAN JOSE,CA,95123,3.0,2.0,1156.0,901.0,1970,648000,709332,Townhouse for sale,Sun.,6,http://www.zillow.com/homes/recently_sold//homedetails/5496-Don-Diego-Ct-San-Jose-CA-95123/19707795_zpid/
37.315415,-121.827198,1492 La Boheme St,SAN JOSE,CA,95121,2.0,2.0,988.0,757.0,1970,468888,477573,Townhouse for sale,,94,http://www.zillow.com/homes/recently_sold//homedetails/1492-La-Boheme-St-San-Jose-CA-95121/19800668_zpid/
37.263791,-121.860411,4703 Holston River Ct,SAN JOSE,CA,95136,4.0,3.0,1760.0,1742.0,1973,775000,785612,Townhouse for sale,Sun.,15,http://www.zillow.com/homes/recently_sold//homedetails/4703-Holston-River-Ct-San-Jose-CA-95136/19701998_zpid/
37.298137,-121.877351,509 Dix Way,SAN JOSE,CA,95125,4.0,2.5,1426.0,2117.0,1983,799950,823579,Townhouse for sale,Sun.,54,http://www.zillow.com/homes/recently_sold//homedetails/509-Dix-Way-San-Jose-CA-95125/19700743_zpid/
37.314126,-121.775922,3275 Shiraz Pl,SAN JOSE,CA,95135,3.0,3.0,1626.0,1145.0,2001,1059000,1054891,Townhouse for sale,days,32,http://www.zillow.com/homes/recently_sold//homedetails/3275-Shiraz-Pl-San-Jose-CA-95135/54772172_zpid/
37.324351,-121.879973,80 E Virginia St UNIT 2,SAN JOSE,CA,95112,3.0,3.0,1902.0,435.0,2009,874900,959471,Townhouse for sale,Sun.,54,http://www.zillow.com/homes/recently_sold//homedetails/80-E-Virginia-St-UNIT-2-San-Jose-CA-95112/89475047_zpid/
37.355948,-121.894231,846 Sakura Dr,SAN JOSE,CA,95112,3.0,3.0,1646.0,1646.0,2005,899000,954753,Townhouse for sale,Sun.,33,http://www.zillow.com/homes/recently_sold//homedetails/846-Sakura-Dr-San-Jose-CA-95112/69301963_zpid/
37.359186,-121.833485,2603 Declaration Dr,SAN JOSE,CA,95116,2.0,3.0,1074.0,1733.0,1988,649000,643812,Townhouse for sale,Sun.,18,http://www.zillow.com/homes/recently_sold//homedetails/2603-Declaration-Dr-San-Jose-CA-95116/19724915_zpid/
37.324037,-121.918709,60 N Buena Vista Ave,SAN JOSE,CA,95126,3.0,3.0,1616.0,1476.0,2008,1049000,1106276,Townhouse for sale,Sun.,3,http://www.zillow.com/homes/recently_sold//homedetails/60-N-Buena-Vista-Ave-San-Jose-CA-95126/89475928_zpid/
37.37644,-121.857612,783 Beaver Creek Way,SAN JOSE,CA,95133,3.0,2.0,1199.0,1481.0,1972,669000,669665,Townhouse for sale,Sun.,28,http://www.zillow.com/homes/recently_sold//homedetails/783-Beaver-Creek-Way-San-Jose-CA-95133/19571332_zpid/
37.315415,-121.827198,1492 La Boheme St,SAN JOSE,CA,95121,2.0,2.0,988.0,757.0,1970,468888,477573,Townhouse for sale,,94,http://www.zillow.com/homes/recently_sold//homedetails/1492-La-Boheme-St-San-Jose-CA-95121/19800668_zpid/
37.29731,-121.924429,1921 Huxley Ct,SAN JOSE,CA,95125,2.0,2.0,1004.0,557.0,1982,849500,832185,Townhouse for sale,Sun.,2,http://www.zillow.com/homes/recently_sold//homedetails/1921-Huxley-Ct-San-Jose-CA-95125/19591949_zpid/
37.298137,-121.877351,509 Dix Way,SAN JOSE,CA,95125,4.0,2.5,1426.0,2117.0,1983,799950,823579,Townhouse for sale,Sun.,54,http://www.zillow.com/homes/recently_sold//homedetails/509-Dix-Way-San-Jose-CA-95125/19700743_zpid/
37.375964,-121.849986,2606 Baton Rouge Dr,SAN JOSE,CA,95133,4.0,4.0,1648.0,897.0,2005,898888,945092,Townhouse for sale,Sun.,9,http://www.zillow.com/homes/recently_sold//homedetails/2606-Baton-Rouge-Dr-San-Jose-CA-95133/79843083_zpid/
37.318218,-121.841932,2183 Summerton Dr,SAN JOSE,CA,95122,2.0,3.0,1052.0,531.0,1985,558000,554795,Townhouse for sale,days,13,http://www.zillow.com/homes/recently_sold//homedetails/2183-Summerton-Dr-San-Jose-CA-95122/19717312_zpid/
37.359186,-121.833485,2603 Declaration Dr,SAN JOSE,CA,95116,2.0,3.0,1074.0,1733.0,1988,649000,643812,Townhouse for sale,Sun.,18,http://www.zillow.com/homes/recently_sold//homedetails/2603-Declaration-Dr-San-Jose-CA-95116/19724915_zpid/
37.357915,-121.846355,2177 Alum Rock Ave APT 612,SAN JOSE,CA,95116,3.0,3.0,1216.0,1751.0,2005,662000,658834,Townhouse for sale,Sat.,26,http://www.zillow.com/homes/recently_sold//homedetails/2177-Alum-Rock-Ave-APT-612-San-Jose-CA-95116/69303630_zpid/
37.37644,-121.857612,783 Beaver Creek Way,SAN JOSE,CA,95133,3.0,2.0,1199.0,1481.0,1972,669000,669665,Townhouse for sale,Sun.,28,http://www.zillow.com/homes/recently_sold//homedetails/783-Beaver-Creek-Way-San-Jose-CA-95133/19571332_zpid/
37.315415,-121.827198,1492 La Boheme St,SAN JOSE,CA,95121,2.0,2.0,988.0,757.0,1970,468888,477573,Townhouse for sale,,94,http://www.zillow.com/homes/recently_sold//homedetails/1492-La-Boheme-St-San-Jose-CA-95121/19800668_zpid/
37.324351,-121.879973,80 E Virginia St UNIT 2,SAN JOSE,CA,95112,3.0,3.0,1902.0,435.0,2009,874900,959471,Townhouse for sale,Sun.,54,http://www.zillow.com/homes/recently_sold//homedetails/80-E-Virginia-St-UNIT-2-San-Jose-CA-95112/89475047_zpid/
37.375964,-121.849986,2606 Baton Rouge Dr,SAN JOSE,CA,95133,4.0,4.0,1648.0,897.0,2005,898888,945092,Townhouse for sale,Sun.,9,http://www.zillow.com/homes/recently_sold//homedetails/2606-Baton-Rouge-Dr-San-Jose-CA-95133/79843083_zpid/
37.318218,-121.841932,2183 Summerton Dr,SAN JOSE,CA,95122,2.0,3.0,1052.0,531.0,1985,558000,554795,Townhouse for sale,days,13,http://www.zillow.com/homes/recently_sold//homedetails/2183-Summerton-Dr-San-Jose-CA-95122/19717312_zpid/
37.373213,-121.879221,1630 Vendre Pl,SAN JOSE,CA,95131,2.0,3.0,1481.0,1598.0,2014,968000,900159,Townhouse for sale,Sun.,1,http://www.zillow.com/homes/recently_sold//homedetails/1630-Vendre-Pl-San-Jose-CA-95131/122249251_zpid/
37.378506,-121.859258,2392 Taproot Ct,SAN JOSE,CA,95133,2.0,2.0,1042.0,1542.0,1972,585000,607919,Townhouse for sale,,46,http://www.zillow.com/homes/recently_sold//homedetails/2392-Taproot-Ct-San-Jose-CA-95133/19571422_zpid/
37.38161,-121.824877,303 Titleist Ct,SAN JOSE,CA,95127,3.0,3.0,2045.0,2326.0,1988,924888,863782,Townhouse for sale,Sun.,9,http://www.zillow.com/homes/recently_sold//homedetails/303-Titleist-Ct-San-Jose-CA-95127/19780606_zpid/
37.299648,-121.951825,3145 Loma Verde Dr APT 15,SAN JOSE,CA,95117,2.0,3.0,1306.0,1507.0,1976,799000,831622,Townhouse for sale,Sun.,19,http://www.zillow.com/homes/recently_sold//homedetails/3145-Loma-Verde-Dr-APT-15-San-Jose-CA-95117/19610395_zpid/
37.298701,-121.959193,1436 Millich Ln,SAN JOSE,CA,95117,2.0,3.0,1292.0,1276.0,1972,950000,963041,Townhouse for sale,days,25,http://www.zillow.com/homes/recently_sold//homedetails/1436-Millich-Ln-San-Jose-CA-95117/19609264_zpid/
37.290179,-121.959545,503 Latimer Cir,CAMPBELL,CA,95008,4.0,3.0,1432.0,1319.0,1973,1050000,1036268,Townhouse for sale,days,138,http://www.zillow.com/homes/recently_sold//homedetails/503-Latimer-Cir-Campbell-CA-95008/19609883_zpid/
37.296785,-121.960633,556 Valley Forge Way # 556,Campbell,CA,95008,3.0,3.0,1242.0,1450.0,1975,899000,933111,Townhouse for sale,Sat.,6,http://www.zillow.com/homes/recently_sold//homedetails/556-Valley-Forge-Way-556-Campbell-CA-95008/2085581730_zpid/
37.326066,-121.974295,169 Kiely Blvd,SANTA CLARA,CA,95051,2.0,3.0,1300.0,1568.0,1976,1128000,1160700,Townhouse for sale,Sun.,2,http://www.zillow.com/homes/recently_sold//homedetails/169-Kiely-Blvd-Santa-Clara-CA-95051/19600727_zpid/
37.338673,-121.978907,817 Creekside Pl,SANTA CLARA,CA,95051,3.0,3.0,1235.0,1433.0,1993,1175000,1181458,Townhouse for sale,Sun.,13,http://www.zillow.com/homes/recently_sold//homedetails/817-Creekside-Pl-Santa-Clara-CA-95051/19596005_zpid/
37.284779,-121.941947,466 Sam Cava Ln,Campbell,CA,95008,4.0,4.0,2135.0,1163.0,2016,1598888,1632000,Townhouse for sale,Sun.,52,http://www.zillow.com/homes/recently_sold//homedetails/466-Sam-Cava-Ln-Campbell-CA-95008/243211035_zpid/
37.283754,-121.943948,246 Railway Ave # BPLH2X,Campbell,CA,95008,4.0,3.5,2166.0,-1.0,2019,1326990,1420034,New construction,Open,11,"http://www.zillow.com/homes/recently_sold/2088606123_zpid/any_days/globalrelevanceex_sort/29.759534,-95.335321,29.675003,-95.502863_rect/12_zm/"
37.283754,-121.943948,246 Railway Ave # QDZRY7,Campbell,CA,95008,3.0,3.5,1868.0,-1.0,2019,1244990,1369774,New construction,Open,9,"http://www.zillow.com/homes/recently_sold/2088606122_zpid/any_days/globalrelevanceex_sort/29.759534,-95.335321,29.675003,-95.502863_rect/12_zm/"
37.257915,-121.878415,1107 Odyssey Ct,SAN JOSE,CA,95118,3.0,3.0,1693.0,1454.0,1983,850000,829423,Townhouse for sale,Sun.,9,http://www.zillow.com/homes/recently_sold//homedetails/1107-Odyssey-Ct-San-Jose-CA-95118/19760047_zpid/
37.260098,-121.877156,1118 Dinkel Ct,SAN JOSE,CA,95118,3.0,3.0,1573.0,1568.0,1981,898000,863475,Townhouse for sale,days,5,http://www.zillow.com/homes/recently_sold//homedetails/1118-Dinkel-Ct-San-Jose-CA-95118/19759998_zpid/
37.243536,-121.886374,5659 Sunflower Ln,SAN JOSE,CA,95118,2.0,2.0,974.0,1916.0,1973,845000,844813,Townhouse for sale,Sun.,5,http://www.zillow.com/homes/recently_sold//homedetails/5659-Sunflower-Ln-San-Jose-CA-95118/19756062_zpid/
37.288235,-121.871605,2690 Villa Cortona Way,SAN JOSE,CA,95125,3.0,4.0,1963.0,1176.0,2005,899000,901998,Townhouse for sale,Sun.,25,http://www.zillow.com/homes/recently_sold//homedetails/2690-Villa-Cortona-Way-San-Jose-CA-95125/69299752_zpid/
37.236445,-121.883763,1293 Mokelumne Pl,SAN JOSE,CA,95120,3.0,2.0,1869.0,4438.0,1989,1149000,1161750,Townhouse for sale,Sun.,3,http://www.zillow.com/homes/recently_sold//homedetails/1293-Mokelumne-Pl-San-Jose-CA-95120/19764416_zpid/
37.263791,-121.860411,4703 Holston River Ct,SAN JOSE,CA,95136,4.0,3.0,1760.0,1742.0,1973,775000,785612,Townhouse for sale,Sun.,15,http://www.zillow.com/homes/recently_sold//homedetails/4703-Holston-River-Ct-San-Jose-CA-95136/19701998_zpid/
37.28795,-121.885887,2360 Allentown Ct,SAN JOSE,CA,95125,3.0,2.0,1319.0,3044.0,1974,915000,906780,Townhouse for sale,Sun.,11,http://www.zillow.com/homes/recently_sold//homedetails/2360-Allentown-Ct-San-Jose-CA-95125/19688632_zpid/
37.290203,-121.854129,209 Siderno Ct,San Jose,CA,95111,3.0,4.0,1856.0,1018.0,2015,896000,899628,Townhouse for sale,Sun.,18,http://www.zillow.com/homes/recently_sold//homedetails/209-Siderno-Ct-San-Jose-CA-95111/166729960_zpid/
37.291829,-121.853008,2727 Terni Ct # 5,San Jose,CA,95111,3.0,4.0,1848.0,435.0,2016,938888,898276,Townhouse for sale,Sun.,19,http://www.zillow.com/homes/recently_sold//homedetails/2727-Terni-Ct-5-San-Jose-CA-95111/243211777_zpid/
37.222072,-121.863743,6418 Trinidad Dr,SAN JOSE,CA,95120,2.0,2.0,1400.0,2500.0,1972,899000,907529,Townhouse for sale,days,33,http://www.zillow.com/homes/recently_sold//homedetails/6418-Trinidad-Dr-San-Jose-CA-95120/19763154_zpid/
37.282659,-121.859533,609 King George Ave,SAN JOSE,CA,95136,2.0,3.0,1370.0,1742.0,2000,799000,811860,Coming soon,market,5,http://www.zillow.com/homes/recently_sold//homedetails/609-King-George-Ave-San-Jose-CA-95136/54771010_zpid/
37.242968,-121.786865,Raleigh Road And Great Oaks Blvd # 5I7XNJ,San Jose,CA,95119,3.0,4.0,1855.0,-1.0,2019,899990,923374,New construction,days,2,"http://www.zillow.com/homes/recently_sold/2086190945_zpid/any_days/globalrelevanceex_sort/29.759534,-95.335321,29.675003,-95.502863_rect/12_zm/"
37.242968,-121.786865,Raleigh Road And Great Oaks Blvd # K6M7VL,San Jose,CA,95119,4.0,4.0,2162.0,-1.0,2019,954990,1097049,New construction,days,9,"http://www.zillow.com/homes/recently_sold/2086190936_zpid/any_days/globalrelevanceex_sort/29.759534,-95.335321,29.675003,-95.502863_rect/12_zm/"
37.242968,-121.786865,Raleigh Road And Great Oaks Blvd # 966CKJ,San Jose,CA,95119,2.0,3.0,1601.0,-1.0,2019,829990,826669,New construction,days,13,"http://www.zillow.com/homes/recently_sold/2086190938_zpid/any_days/globalrelevanceex_sort/29.759534,-95.335321,29.675003,-95.502863_rect/12_zm/"
37.243907,-121.798161,5970 Golden Vista Dr,San Jose,CA,95123,3.0,4.0,1793.0,1793.0,2016,878000,888724,For sale by owner,days,9,http://www.zillow.com/homes/recently_sold//homedetails/5970-Golden-Vista-Dr-San-Jose-CA-95123/166727154_zpid/
37.242206,-121.794962,6102 Charlotte Dr,San Jose,CA,95123,3.0,4.0,1901.0,1716.0,2016,919000,886488,Townhouse for sale,Sun.,3,http://www.zillow.com/homes/recently_sold//homedetails/6102-Charlotte-Dr-San-Jose-CA-95123/166729542_zpid/
37.224357,-121.77388,7190 Indian Valley Ct,SAN JOSE,CA,95139,3.0,3.0,1674.0,2059.0,1976,800000,793245,Townhouse for sale,Sun.,37,http://www.zillow.com/homes/recently_sold//homedetails/7190-Indian-Valley-Ct-San-Jose-CA-95139/19842126_zpid/
37.256585,-121.821568,5396 Palm Grove Ct,SAN JOSE,CA,95123,4.0,3.0,1439.0,1012.0,1970,725000,808074,Townhouse for sale,days,100,http://www.zillow.com/homes/recently_sold//homedetails/5396-Palm-Grove-Ct-San-Jose-CA-95123/19825689_zpid/
37.242581,-121.797721,801 Lotus Flower Loop,SAN JOSE,CA,95123,4.0,4.0,2258.0,1328.0,2014,1049000,1016895,Townhouse for sale,walkthrough,31,http://www.zillow.com/homes/recently_sold//homedetails/801-Lotus-Flower-Loop-San-Jose-CA-95123/124742878_zpid/
37.223982,-121.776137,208 Fairway Glen Ln,SAN JOSE,CA,95139,3.0,1.5,1220.0,897.0,1972,665000,649719,Townhouse for sale,days,81,http://www.zillow.com/homes/recently_sold//homedetails/208-Fairway-Glen-Ln-San-Jose-CA-95139/19842069_zpid/
37.242455,-121.79742,6015 Charlotte Dr,SAN JOSE,CA,95123,4.0,4.0,2258.0,1877.0,2014,1034999,1084004,Townhouse for sale,Sun.,10,http://www.zillow.com/homes/recently_sold//homedetails/6015-Charlotte-Dr-San-Jose-CA-95123/124030971_zpid/
37.245121,-121.798653,5816 Brandon Ct,San Jose,CA,95123,3.0,4.0,2093.0,1411.0,2016,988000,970608,Townhouse for sale,days,28,http://www.zillow.com/homes/recently_sold//homedetails/5816-Brandon-Ct-San-Jose-CA-95123/166730076_zpid/
37.236445,-121.883763,1293 Mokelumne Pl,SAN JOSE,CA,95120,3.0,2.0,1869.0,4438.0,1989,1149000,1161750,Townhouse for sale,Sun.,3,http://www.zillow.com/homes/recently_sold//homedetails/1293-Mokelumne-Pl-San-Jose-CA-95120/19764416_zpid/
37.222072,-121.863743,6418 Trinidad Dr,SAN JOSE,CA,95120,2.0,2.0,1400.0,2500.0,1972,899000,907529,Townhouse for sale,days,34,http://www.zillow.com/homes/recently_sold//homedetails/6418-Trinidad-Dr-San-Jose-CA-95120/19763154_zpid/
37.237087,-121.885499,5880 Dry Oak Dr,SAN JOSE,CA,95120,3.0,3.0,2334.0,3977.0,1989,1240000,1194546,Townhouse for sale,,166,http://www.zillow.com/homes/recently_sold//homedetails/5880-Dry-Oak-Dr-San-Jose-CA-95120/19764453_zpid/
37.235438,-121.88337,5923 Kyburz Pl,SAN JOSE,CA,95120,2.0,3.0,2175.0,2874.0,1980,1200000,1183934,Townhouse for sale,days,172,http://www.zillow.com/homes/recently_sold//homedetails/5923-Kyburz-Pl-San-Jose-CA-95120/19764333_zpid/
37.243907,-121.798161,5970 Golden Vista Dr,San Jose,CA,95123,3.0,4.0,1793.0,1793.0,2016,878000,888724,For sale by owner,days,9,http://www.zillow.com/homes/recently_sold//homedetails/5970-Golden-Vista-Dr-San-Jose-CA-95123/166727154_zpid/
37.242206,-121.794962,6102 Charlotte Dr,San Jose,CA,95123,3.0,4.0,1901.0,1716.0,2016,919000,886488,Townhouse for sale,Sun.,3,http://www.zillow.com/homes/recently_sold//homedetails/6102-Charlotte-Dr-San-Jose-CA-95123/166729542_zpid/
37.254063,-121.840209,5496 Don Diego Ct,SAN JOSE,CA,95123,3.0,2.0,1156.0,901.0,1970,648000,709332,Townhouse for sale,Sun.,6,http://www.zillow.com/homes/recently_sold//homedetails/5496-Don-Diego-Ct-San-Jose-CA-95123/19707795_zpid/
37.257915,-121.878415,1107 Odyssey Ct,SAN JOSE,CA,95118,3.0,3.0,1693.0,1454.0,1983,850000,829423,Townhouse for sale,Sun.,9,http://www.zillow.com/homes/recently_sold//homedetails/1107-Odyssey-Ct-San-Jose-CA-95118/19760047_zpid/
37.254047,-121.841405,5494 Don Rodolfo Ct,SAN JOSE,CA,95123,2.0,2.0,950.0,871.0,1970,499888,552765,Coming soon,market,14,http://www.zillow.com/homes/recently_sold//homedetails/5494-Don-Rodolfo-Ct-San-Jose-CA-95123/19707862_zpid/
37.224357,-121.77388,7190 Indian Valley Ct,SAN JOSE,CA,95139,3.0,3.0,1674.0,2059.0,1976,800000,793245,Townhouse for sale,Sun.,37,http://www.zillow.com/homes/recently_sold//homedetails/7190-Indian-Valley-Ct-San-Jose-CA-95139/19842126_zpid/
37.256585,-121.821568,5396 Palm Grove Ct,SAN JOSE,CA,95123,4.0,3.0,1439.0,1012.0,1970,725000,808074,Townhouse for sale,days,100,http://www.zillow.com/homes/recently_sold//homedetails/5396-Palm-Grove-Ct-San-Jose-CA-95123/19825689_zpid/
37.25706,-121.842402,441 Colony Knoll Dr,SAN JOSE,CA,95123,2.0,3.0,1294.0,927.0,1984,695000,691834,Townhouse for sale,Sun.,6,http://www.zillow.com/homes/recently_sold//homedetails/441-Colony-Knoll-Dr-San-Jose-CA-95123/19709434_zpid/
37.315415,-121.827198,1492 La Boheme St,SAN JOSE,CA,95121,2.0,2.0,988.0,757.0,1970,468888,477573,Townhouse for sale,,94,http://www.zillow.com/homes/recently_sold//homedetails/1492-La-Boheme-St-San-Jose-CA-95121/19800668_zpid/
37.312012,-121.800529,3588 Klaus Dr,SAN JOSE,CA,95121,3.0,3.0,1625.0,1929.0,1986,780000,749165,Townhouse for sale,days,39,http://www.zillow.com/homes/recently_sold//homedetails/3588-Klaus-Dr-San-Jose-CA-95121/19804964_zpid/
37.313471,-121.825365,1487 Freni Ct,SAN JOSE,CA,95121,3.0,1.5,1176.0,901.0,1971,559000,553170,Townhouse for sale,days,56,http://www.zillow.com/homes/recently_sold//homedetails/1487-Freni-Ct-San-Jose-CA-95121/112098050_zpid/
37.310384,-121.758261,3621 Jasmine Cir # 3621,San Jose,CA,95135,3.0,3.0,1346.0,1498.0,2000,970000,,Townhouse for sale,Sun.,1,http://www.zillow.com/homes/recently_sold//homedetails/3621-Jasmine-Cir-3621-San-Jose-CA-95135/2085493163_zpid/
37.314126,-121.775922,3275 Shiraz Pl,SAN JOSE,CA,95135,3.0,3.0,1626.0,1145.0,2001,1059000,1054891,Townhouse for sale,days,32,http://www.zillow.com/homes/recently_sold//homedetails/3275-Shiraz-Pl-San-Jose-CA-95135/54772172_zpid/
37.273515,-121.842731,130 Baroni Ave APT 50,SAN JOSE,CA,95136,3.0,3.0,1482.0,4556.0,1981,785000,767657,Townhouse for sale,days,9,http://www.zillow.com/homes/recently_sold//homedetails/130-Baroni-Ave-APT-50-San-Jose-CA-95136/19706469_zpid/
37.318218,-121.841932,2183 Summerton Dr,SAN JOSE,CA,95122,2.0,3.0,1052.0,531.0,1985,558000,554795,Townhouse for sale,days,13,http://www.zillow.com/homes/recently_sold//homedetails/2183-Summerton-Dr-San-Jose-CA-95122/19717312_zpid/
37.316483,-121.763921,4286 Voltaire St,SAN JOSE,CA,95135,2.0,3.0,1482.0,2003.0,2005,978000,963537,Townhouse for sale,Sun.,11,http://www.zillow.com/homes/recently_sold//homedetails/4286-Voltaire-St-San-Jose-CA-95135/64439705_zpid/
37.29992,-121.83755,677 Dadis Way,SAN JOSE,CA,95111,3.0,2.5,1328.0,2619.0,1999,730000,709560,Townhouse for sale,days,150,http://www.zillow.com/homes/recently_sold//homedetails/677-Dadis-Way-San-Jose-CA-95111/19738916_zpid/
37.290203,-121.854129,209 Siderno Ct,San Jose,CA,95111,3.0,4.0,1856.0,1018.0,2015,896000,899628,Townhouse for sale,Sun.,18,http://www.zillow.com/homes/recently_sold//homedetails/209-Siderno-Ct-San-Jose-CA-95111/166729960_zpid/
37.274576,-121.842116,130 Baroni Ave APT 19,SAN JOSE,CA,95136,3.0,3.0,1482.0,4791.0,1981,780000,714036,Townhouse for sale,day,1,http://www.zillow.com/homes/recently_sold//homedetails/130-Baroni-Ave-APT-19-San-Jose-CA-95136/19706438_zpid/
37.318218,-121.841932,2183 Summerton Dr,SAN JOSE,CA,95122,2.0,3.0,1052.0,531.0,1985,558000,554795,Townhouse for sale,days,13,http://www.zillow.com/homes/recently_sold//homedetails/2183-Summerton-Dr-San-Jose-CA-95122/19717312_zpid/
37.327984,-121.858371,851 Roberts Pl,SAN JOSE,CA,95122,4.0,3.0,2015.0,2016.0,2003,850000,898286,Townhouse for sale,days,114,http://www.zillow.com/homes/recently_sold//homedetails/851-Roberts-Pl-San-Jose-CA-95122/63066153_zpid/
37.359186,-121.833485,2603 Declaration Dr,SAN JOSE,CA,95116,2.0,3.0,1074.0,1733.0,1988,649000,643812,Townhouse for sale,Sun.,18,http://www.zillow.com/homes/recently_sold//homedetails/2603-Declaration-Dr-San-Jose-CA-95116/19724915_zpid/
37.349335,-121.794571,1933 Winding Creek Ct,SAN JOSE,CA,95148,3.0,3.0,1720.0,1955.0,1984,699000,723502,Townhouse for sale,Sun.,5,http://www.zillow.com/homes/recently_sold//homedetails/1933-Winding-Creek-Ct-San-Jose-CA-95148/19790684_zpid/
37.315415,-121.827198,1492 La Boheme St,SAN JOSE,CA,95121,2.0,2.0,988.0,757.0,1970,468888,477573,Townhouse for sale,,94,http://www.zillow.com/homes/recently_sold//homedetails/1492-La-Boheme-St-San-Jose-CA-95121/19800668_zpid/
37.298137,-121.877351,509 Dix Way,SAN JOSE,CA,95125,4.0,2.5,1426.0,2117.0,1983,799950,823579,Townhouse for sale,Sun.,54,http://www.zillow.com/homes/recently_sold//homedetails/509-Dix-Way-San-Jose-CA-95125/19700743_zpid/
37.324351,-121.879973,80 E Virginia St UNIT 2,SAN JOSE,CA,95112,3.0,3.0,1902.0,435.0,2009,874900,959471,Townhouse for sale,Sun.,54,http://www.zillow.com/homes/recently_sold//homedetails/80-E-Virginia-St-UNIT-2-San-Jose-CA-95112/89475047_zpid/
37.312012,-121.800529,3588 Klaus Dr,SAN JOSE,CA,95121,3.0,3.0,1625.0,1929.0,1986,780000,749165,Townhouse for sale,days,39,http://www.zillow.com/homes/recently_sold//homedetails/3588-Klaus-Dr-San-Jose-CA-95121/19804964_zpid/
37.29992,-121.83755,677 Dadis Way,SAN JOSE,CA,95111,3.0,2.5,1328.0,2619.0,1999,730000,709560,Townhouse for sale,days,150,http://www.zillow.com/homes/recently_sold//homedetails/677-Dadis-Way-San-Jose-CA-95111/19738916_zpid/
37.357915,-121.846355,2177 Alum Rock Ave APT 612,SAN JOSE,CA,95116,3.0,3.0,1216.0,1751.0,2005,662000,658834,Townhouse for sale,Sat.,26,http://www.zillow.com/homes/recently_sold//homedetails/2177-Alum-Rock-Ave-APT-612-San-Jose-CA-95116/69303630_zpid/
37.243907,-121.798161,5970 Golden Vista Dr,San Jose,CA,95123,3.0,4.0,1793.0,1793.0,2016,878000,888724,For sale by owner,days,9,http://www.zillow.com/homes/recently_sold//homedetails/5970-Golden-Vista-Dr-San-Jose-CA-95123/166727154_zpid/
37.242206,-121.794962,6102 Charlotte Dr,San Jose,CA,95123,3.0,4.0,1901.0,1716.0,2016,919000,886488,Townhouse for sale,Sun.,3,http://www.zillow.com/homes/recently_sold//homedetails/6102-Charlotte-Dr-San-Jose-CA-95123/166729542_zpid/
37.254063,-121.840209,5496 Don Diego Ct,SAN JOSE,CA,95123,3.0,2.0,1156.0,901.0,1970,648000,709332,Townhouse for sale,Sun.,6,http://www.zillow.com/homes/recently_sold//homedetails/5496-Don-Diego-Ct-San-Jose-CA-95123/19707795_zpid/
37.254047,-121.841405,5494 Don Rodolfo Ct,SAN JOSE,CA,95123,2.0,2.0,950.0,871.0,1970,499888,552765,Coming soon,market,14,http://www.zillow.com/homes/recently_sold//homedetails/5494-Don-Rodolfo-Ct-San-Jose-CA-95123/19707862_zpid/
37.256585,-121.821568,5396 Palm Grove Ct,SAN JOSE,CA,95123,4.0,3.0,1439.0,1012.0,1970,725000,808074,Townhouse for sale,days,100,http://www.zillow.com/homes/recently_sold//homedetails/5396-Palm-Grove-Ct-San-Jose-CA-95123/19825689_zpid/
37.25706,-121.842402,441 Colony Knoll Dr,SAN JOSE,CA,95123,2.0,3.0,1294.0,927.0,1984,695000,691834,Townhouse for sale,Sun.,6,http://www.zillow.com/homes/recently_sold//homedetails/441-Colony-Knoll-Dr-San-Jose-CA-95123/19709434_zpid/
37.242581,-121.797721,801 Lotus Flower Loop,SAN JOSE,CA,95123,4.0,4.0,2258.0,1328.0,2014,1049000,1016895,Townhouse for sale,walkthrough,31,http://www.zillow.com/homes/recently_sold//homedetails/801-Lotus-Flower-Loop-San-Jose-CA-95123/124742878_zpid/
37.248161,-121.84281,604 Martinique Ct,San Jose,CA,95123,2.0,2.0,1473.0,2060.0,1986,719000,736330,Townhouse for sale,Sun.,61,http://www.zillow.com/homes/recently_sold//homedetails/604-Martinique-Ct-San-Jose-CA-95123/19820912_zpid/
37.242455,-121.79742,6015 Charlotte Dr,SAN JOSE,CA,95123,4.0,4.0,2258.0,1877.0,2014,1034999,1084004,Townhouse for sale,Sun.,10,http://www.zillow.com/homes/recently_sold//homedetails/6015-Charlotte-Dr-San-Jose-CA-95123/124030971_zpid/
37.245121,-121.798653,5816 Brandon Ct,San Jose,CA,95123,3.0,4.0,2093.0,1411.0,2016,988000,970608,Townhouse for sale,days,28,http://www.zillow.com/homes/recently_sold//homedetails/5816-Brandon-Ct-San-Jose-CA-95123/166730076_zpid/
37.288235,-121.871605,2690 Villa Cortona Way,SAN JOSE,CA,95125,3.0,4.0,1963.0,1176.0,2005,899000,901998,Townhouse for sale,Sun.,25,http://www.zillow.com/homes/recently_sold//homedetails/2690-Villa-Cortona-Way-San-Jose-CA-95125/69299752_zpid/
37.29731,-121.924429,1921 Huxley Ct,SAN JOSE,CA,95125,2.0,2.0,1004.0,557.0,1982,849500,832185,Townhouse for sale,Sun.,2,http://www.zillow.com/homes/recently_sold//homedetails/1921-Huxley-Ct-San-Jose-CA-95125/19591949_zpid/
37.298137,-121.877351,509 Dix Way,SAN JOSE,CA,95125,4.0,2.5,1426.0,2117.0,1983,799950,823579,Townhouse for sale,Sun.,54,http://www.zillow.com/homes/recently_sold//homedetails/509-Dix-Way-San-Jose-CA-95125/19700743_zpid/
37.28795,-121.885887,2360 Allentown Ct,SAN JOSE,CA,95125,3.0,2.0,1319.0,3044.0,1974,915000,906780,Townhouse for sale,Sun.,11,http://www.zillow.com/homes/recently_sold//homedetails/2360-Allentown-Ct-San-Jose-CA-95125/19688632_zpid/
37.301868,-121.880115,1821 Almaden Rd # 5B9AZZ,San Jose,CA,95125,1.0,1.0,655.0,-1.0,2019,550000,495623,New construction,Saturday-Wednesda...,4,"http://www.zillow.com/homes/recently_sold/2087849186_zpid/any_days/globalrelevanceex_sort/29.759534,-95.335321,29.675003,-95.502863_rect/12_zm/"
37.296957,-121.877441,545 Cassatt Way,San Jose,CA,95125,3.0,3.0,1294.0,2117.0,1983,895000,888857,Townhouse for sale,walkthrough,30,http://www.zillow.com/homes/recently_sold//homedetails/545-Cassatt-Way-San-Jose-CA-95125/19700718_zpid/
37.324037,-121.918709,60 N Buena Vista Ave,SAN JOSE,CA,95126,3.0,3.0,1616.0,1476.0,2008,1049000,1106276,Townhouse for sale,Sun.,3,http://www.zillow.com/homes/recently_sold//homedetails/60-N-Buena-Vista-Ave-San-Jose-CA-95126/89475928_zpid/
37.326917,-121.905724,846 Georgetown Pl,SAN JOSE,CA,95126,3.0,3.0,1463.0,735.0,2004,1750000,1056674,Make me moveÂ®,days,639,http://www.zillow.com/homes/recently_sold//homedetails/846-Georgetown-Pl-San-Jose-CA-95126/63065270_zpid/
37.35428,-121.952045,1325 Civic Center Dr,SANTA CLARA,CA,95050,3.0,3.0,1430.0,2308.0,1979,949000,1034932,Townhouse for sale,Sun.,1,http://www.zillow.com/homes/recently_sold//homedetails/1325-Civic-Center-Dr-Santa-Clara-CA-95050/19557753_zpid/
37.299648,-121.951825,3145 Loma Verde Dr APT 15,SAN JOSE,CA,95117,2.0,3.0,1306.0,1507.0,1976,799000,831622,Townhouse for sale,Sun.,19,http://www.zillow.com/homes/recently_sold//homedetails/3145-Loma-Verde-Dr-APT-15-San-Jose-CA-95117/19610395_zpid/
37.29731,-121.924429,1921 Huxley Ct,SAN JOSE,CA,95125,2.0,2.0,1004.0,557.0,1982,849500,832185,Townhouse for sale,Sun.,2,http://www.zillow.com/homes/recently_sold//homedetails/1921-Huxley-Ct-San-Jose-CA-95125/19591949_zpid/
37.298137,-121.877351,509 Dix Way,SAN JOSE,CA,95125,4.0,2.5,1426.0,2117.0,1983,799950,823579,Townhouse for sale,Sun.,54,http://www.zillow.com/homes/recently_sold//homedetails/509-Dix-Way-San-Jose-CA-95125/19700743_zpid/
37.324351,-121.879973,80 E Virginia St UNIT 2,SAN JOSE,CA,95112,3.0,3.0,1902.0,435.0,2009,874900,959471,Townhouse for sale,Sun.,54,http://www.zillow.com/homes/recently_sold//homedetails/80-E-Virginia-St-UNIT-2-San-Jose-CA-95112/89475047_zpid/
37.28795,-121.885887,2360 Allentown Ct,SAN JOSE,CA,95125,3.0,2.0,1319.0,3044.0,1974,915000,906780,Townhouse for sale,Sun.,11,http://www.zillow.com/homes/recently_sold//homedetails/2360-Allentown-Ct-San-Jose-CA-95125/19688632_zpid/
37.355948,-121.894231,846 Sakura Dr,SAN JOSE,CA,95112,3.0,3.0,1646.0,1646.0,2005,899000,954753,Townhouse for sale,Sun.,33,http://www.zillow.com/homes/recently_sold//homedetails/846-Sakura-Dr-San-Jose-CA-95112/69301963_zpid/
37.339166,-121.895498,255 N Market St # 9FLXE7,San Jose,CA,95110,3.0,3.0,1579.0,-1.0,2019,1140000,1113228,New construction,Open,2,"http://www.zillow.com/homes/recently_sold/2088710043_zpid/any_days/globalrelevanceex_sort/29.759534,-95.335321,29.675003,-95.502863_rect/12_zm/"
37.389458,-121.82277,485 Golfview Dr,SAN JOSE,CA,95127,3.0,3.0,1640.0,2696.0,1972,799000,796579,Townhouse for sale,Sun.,17,http://www.zillow.com/homes/recently_sold//homedetails/485-Golfview-Dr-San-Jose-CA-95127/19779953_zpid/
37.38161,-121.824877,303 Titleist Ct,SAN JOSE,CA,95127,3.0,3.0,2045.0,2326.0,1988,924888,863782,Townhouse for sale,Sun.,9,http://www.zillow.com/homes/recently_sold//homedetails/303-Titleist-Ct-San-Jose-CA-95127/19780606_zpid/
37.364268,-121.808109,3511 Story Rd,SAN JOSE,CA,95127,4.0,2.0,1599.0,15559.0,1950,775000,775970,Townhouse for sale,,193,http://www.zillow.com/homes/recently_sold//homedetails/3511-Story-Rd-San-Jose-CA-95127/19782746_zpid/
37.373702,-121.833969,4014 Shanj Ct,San Jose,CA,95127,2.0,1.5,1042.0,1026.0,1989,445000,536057,Foreclosed,days,33,http://www.zillow.com/homes/recently_sold//homedetails/4014-Shanj-Ct-San-Jose-CA-95127/19780836_zpid/
37.359186,-121.833485,2603 Declaration Dr,SAN JOSE,CA,95116,2.0,3.0,1074.0,1733.0,1988,649000,643812,Townhouse for sale,Sun.,18,http://www.zillow.com/homes/recently_sold//homedetails/2603-Declaration-Dr-San-Jose-CA-95116/19724915_zpid/
37.349335,-121.794571,1933 Winding Creek Ct,SAN JOSE,CA,95148,3.0,3.0,1720.0,1955.0,1984,699000,723502,Townhouse for sale,Sun.,5,http://www.zillow.com/homes/recently_sold//homedetails/1933-Winding-Creek-Ct-San-Jose-CA-95148/19790684_zpid/
37.37644,-121.857612,783 Beaver Creek Way,SAN JOSE,CA,95133,3.0,2.0,1199.0,1481.0,1972,669000,669665,Townhouse for sale,Sun.,28,http://www.zillow.com/homes/recently_sold//homedetails/783-Beaver-Creek-Way-San-Jose-CA-95133/19571332_zpid/
37.409337,-121.863383,3032 Ironside Ct,SAN JOSE,CA,95132,4.0,3.0,1452.0,1694.0,1976,887000,918375,Townhouse for sale,Sun.,44,http://www.zillow.com/homes/recently_sold//homedetails/3032-Ironside-Ct-San-Jose-CA-95132/19770455_zpid/
37.375964,-121.849986,2606 Baton Rouge Dr,SAN JOSE,CA,95133,4.0,4.0,1648.0,897.0,2005,898888,945092,Townhouse for sale,Sun.,9,http://www.zillow.com/homes/recently_sold//homedetails/2606-Baton-Rouge-Dr-San-Jose-CA-95133/79843083_zpid/
37.378506,-121.859258,2392 Taproot Ct,SAN JOSE,CA,95133,2.0,2.0,1042.0,1542.0,1972,585000,607919,Townhouse for sale,,46,http://www.zillow.com/homes/recently_sold//homedetails/2392-Taproot-Ct-San-Jose-CA-95133/19571422_zpid/
37.357915,-121.846355,2177 Alum Rock Ave APT 612,SAN JOSE,CA,95116,3.0,3.0,1216.0,1751.0,2005,662000,658834,Townhouse for sale,Sat.,26,http://www.zillow.com/homes/recently_sold//homedetails/2177-Alum-Rock-Ave-APT-612-San-Jose-CA-95116/69303630_zpid/
37.376054,-121.85976,818 Heartwood Way,SAN JOSE,CA,95133,4.0,3.0,1596.0,1542.0,1972,818000,838080,Townhouse for sale,Sun.,9,http://www.zillow.com/homes/recently_sold//homedetails/818-Heartwood-Way-San-Jose-CA-95133/19571224_zpid/
37.3034,-122.033575,1252 Water Lily Way,SAN JOSE,CA,95129,4.0,3.0,1912.0,2682.0,2010,1689888,1988057,Townhouse for sale,,39,http://www.zillow.com/homes/recently_sold//homedetails/1252-Water-Lily-Way-San-Jose-CA-95129/82957145_zpid/
37.302744,-122.033379,1279 Water Lily Way,SAN JOSE,CA,95129,4.0,3.0,1958.0,1280.0,2009,1788000,1799786,Townhouse for sale,Sun.,24,http://www.zillow.com/homes/recently_sold//homedetails/1279-Water-Lily-Way-San-Jose-CA-95129/82948417_zpid/
37.290179,-121.959545,503 Latimer Cir,CAMPBELL,CA,95008,4.0,3.0,1432.0,1319.0,1973,1050000,1036268,Townhouse for sale,days,138,http://www.zillow.com/homes/recently_sold//homedetails/503-Latimer-Cir-Campbell-CA-95008/19609883_zpid/
37.296785,-121.960633,556 Valley Forge Way # 556,Campbell,CA,95008,3.0,3.0,1242.0,1450.0,1975,899000,933111,Townhouse for sale,Sat.,6,http://www.zillow.com/homes/recently_sold//homedetails/556-Valley-Forge-Way-556-Campbell-CA-95008/2085581730_zpid/
37.320414,-122.053116,10190 Imperial Ave,CUPERTINO,CA,95014,4.0,4.0,1753.0,1245.0,2003,1799000,1820409,Townhouse for sale,Sun.,3,http://www.zillow.com/homes/recently_sold//homedetails/10190-Imperial-Ave-Cupertino-CA-95014/61281562_zpid/
37.299648,-121.951825,3145 Loma Verde Dr APT 15,SAN JOSE,CA,95117,2.0,3.0,1306.0,1507.0,1976,799000,831622,Townhouse for sale,Sun.,19,http://www.zillow.com/homes/recently_sold//homedetails/3145-Loma-Verde-Dr-APT-15-San-Jose-CA-95117/19610395_zpid/
37.326066,-121.974295,169 Kiely Blvd,SANTA CLARA,CA,95051,2.0,3.0,1300.0,1568.0,1976,1128000,1160700,Townhouse for sale,Sun.,2,http://www.zillow.com/homes/recently_sold//homedetails/169-Kiely-Blvd-Santa-Clara-CA-95051/19600727_zpid/
37.291186,-122.033904,20615 Oak Creek Ln,SARATOGA,CA,95070,3.0,3.0,1807.0,1467.0,1979,1628000,1616055,Townhouse for sale,days,10,http://www.zillow.com/homes/recently_sold//homedetails/20615-Oak-Creek-Ln-Saratoga-CA-95070/19638225_zpid/
37.298701,-121.959193,1436 Millich Ln,SAN JOSE,CA,95117,2.0,3.0,1292.0,1276.0,1972,950000,963041,Townhouse for sale,days,25,http://www.zillow.com/homes/recently_sold//homedetails/1436-Millich-Ln-San-Jose-CA-95117/19609264_zpid/
37.271213,-121.992174,5104 Westmont Ave UNIT 7,SAN JOSE,CA,95130,2.0,3.0,1105.0,444.0,1969,899000,907524,Townhouse for sale,days,17,http://www.zillow.com/homes/recently_sold//homedetails/5104-Westmont-Ave-UNIT-7-San-Jose-CA-95130/19661956_zpid/
37.261644,-121.991387,113 Rio Vis,LOS GATOS,CA,95032,3.0,3.0,2152.0,2426.0,1984,1275000,1280887,Townhouse for sale,Sun.,12,http://www.zillow.com/homes/recently_sold//homedetails/113-Rio-Vis-Los-Gatos-CA-95032/19666340_zpid/
37.290179,-121.959545,503 Latimer Cir,CAMPBELL,CA,95008,4.0,3.0,1432.0,1319.0,1973,1050000,1036268,Townhouse for sale,days,138,http://www.zillow.com/homes/recently_sold//homedetails/503-Latimer-Cir-Campbell-CA-95008/19609883_zpid/
37.296785,-121.960633,556 Valley Forge Way # 556,Campbell,CA,95008,3.0,3.0,1242.0,1450.0,1975,899000,933111,Townhouse for sale,Sat.,6,http://www.zillow.com/homes/recently_sold//homedetails/556-Valley-Forge-Way-556-Campbell-CA-95008/2085581730_zpid/
37.299648,-121.951825,3145 Loma Verde Dr APT 15,SAN JOSE,CA,95117,2.0,3.0,1306.0,1507.0,1976,799000,831622,Townhouse for sale,Sun.,19,http://www.zillow.com/homes/recently_sold//homedetails/3145-Loma-Verde-Dr-APT-15-San-Jose-CA-95117/19610395_zpid/
37.26423,-121.98108,108 Bungalow Ter,LOS GATOS,CA,95032,4.0,3.0,1899.0,2317.0,2008,1275000,1286954,Townhouse for sale,,45,http://www.zillow.com/homes/recently_sold//homedetails/108-Bungalow-Ter-Los-Gatos-CA-95032/94699593_zpid/
37.259086,-121.989015,118 Via Lago,LOS GATOS,CA,95032,3.0,3.0,1848.0,923.0,1975,1398000,1327047,Townhouse for sale,Sun.,15,http://www.zillow.com/homes/recently_sold//homedetails/118-Via-Lago-Los-Gatos-CA-95032/19666567_zpid/
37.271796,-121.956665,322 W Sunnyoaks Ave,CAMPBELL,CA,95008,2.0,2.0,1178.0,609.0,1988,845000,892327,Townhouse for sale,Sun.,6,http://www.zillow.com/homes/recently_sold//homedetails/322-W-Sunnyoaks-Ave-Campbell-CA-95008/19665935_zpid/
37.258292,-121.968693,201 Lorain Pl,LOS GATOS,CA,95032,2.0,3.0,1992.0,2221.0,1977,1350000,1329104,Townhouse for sale,Sun.,13,http://www.zillow.com/homes/recently_sold//homedetails/201-Lorain-Pl-Los-Gatos-CA-95032/19667962_zpid/
37.373213,-121.879221,1630 Vendre Pl,SAN JOSE,CA,95131,2.0,3.0,1481.0,1598.0,2014,968000,900159,Townhouse for sale,Sun.,1,http://www.zillow.com/homes/recently_sold//homedetails/1630-Vendre-Pl-San-Jose-CA-95131/122249251_zpid/
37.396074,-121.902511,2133 Oakland Rd,SAN JOSE,CA,95131,4.0,4.0,1573.0,2273.0,2009,1099888,1119457,Townhouse for sale,Sun.,60,http://www.zillow.com/homes/recently_sold//homedetails/2133-Oakland-Rd-San-Jose-CA-95131/94702379_zpid/
37.379173,-121.869167,1126 Pandolfi Pl,SAN JOSE,CA,95131,4.0,2.0,1320.0,1542.0,1971,899000,908016,Townhouse for sale,Sun.,15,http://www.zillow.com/homes/recently_sold//homedetails/1126-Pandolfi-Pl-San-Jose-CA-95131/19566229_zpid/
37.377885,-121.884986,1521 Fairway Green Cir,SAN JOSE,CA,95131,2.0,2.0,1098.0,1842.0,1988,848000,845698,Townhouse for sale,Sun.,31,http://www.zillow.com/homes/recently_sold//homedetails/1521-Fairway-Green-Cir-San-Jose-CA-95131/19561243_zpid/
37.395546,-121.902577,1287 Westbury Dr,SAN JOSE,CA,95131,4.0,4.0,1573.0,784.0,2009,1129000,1140883,Townhouse for sale,About,38,http://www.zillow.com/homes/recently_sold//homedetails/1287-Westbury-Dr-San-Jose-CA-95131/94695704_zpid/
37.409337,-121.863383,3032 Ironside Ct,SAN JOSE,CA,95132,4.0,3.0,1452.0,1694.0,1976,887000,918375,Townhouse for sale,Sun.,44,http://www.zillow.com/homes/recently_sold//homedetails/3032-Ironside-Ct-San-Jose-CA-95132/19770455_zpid/
37.412023,-121.878267,2164 Amberwood Ln,SAN JOSE,CA,95132,3.0,2.0,1121.0,1846.0,1972,722000,714755,Townhouse for sale,days,26,http://www.zillow.com/homes/recently_sold//homedetails/2164-Amberwood-Ln-San-Jose-CA-95132/19486812_zpid/
37.392563,-121.865256,2418 Stearman Ln UNIT 4,SAN JOSE,CA,95132,2.0,3.0,1526.0,805.0,2013,948000,951356,Townhouse for sale,days,19,http://www.zillow.com/homes/recently_sold//homedetails/2418-Stearman-Ln-UNIT-4-San-Jose-CA-95132/124743486_zpid/
37.404687,-121.893379,1878 Trento Loop,Milpitas,CA,95035,3.0,3.0,1709.0,435.0,2016,998000,985862,Townhouse for sale,Sun.,4,http://www.zillow.com/homes/recently_sold//homedetails/1878-Trento-Loop-Milpitas-CA-95035/166731686_zpid/
37.37644,-121.857612,783 Beaver Creek Way,SAN JOSE,CA,95133,3.0,2.0,1199.0,1481.0,1972,669000,669665,Townhouse for sale,Sun.,28,http://www.zillow.com/homes/recently_sold//homedetails/783-Beaver-Creek-Way-San-Jose-CA-95133/19571332_zpid/
37.413185,-121.888842,1466 Lavender Loop,Milpitas,CA,95035,3.0,3.0,1753.0,-1.0,2019,919819,984180,New construction,Monday,6,http://www.zillow.com/homes/recently_sold//homedetails/1466-Lavender-Loop-Milpitas-CA-95035/2089690129_zpid/
37.413196,-121.888909,1462 Lavender Loop,Milpitas,CA,95035,3.0,3.0,1997.0,-1.0,2019,976484,1039361,New construction,Monday,23,http://www.zillow.com/homes/recently_sold//homedetails/1462-Lavender-Loop-Milpitas-CA-95035/2089690125_zpid/
37.413363,-121.887829,1487 Cherry Cir,Milpitas,CA,95035,2.0,3.0,1103.0,-1.0,2019,774622,788077,New construction,Monday,10,http://www.zillow.com/homes/recently_sold//homedetails/1487-Cherry-Cir-Milpitas-CA-95035/2089188025_zpid/
37.418553,-121.869688,1903 Landess Ave,MILPITAS,CA,95035,3.0,2.0,1165.0,879.0,1971,799999,786852,Townhouse for sale,Sun.,101,http://www.zillow.com/homes/recently_sold//homedetails/1903-Landess-Ave-Milpitas-CA-95035/19483565_zpid/
37.440662,-121.87779,1663 Dennis Ave,MILPITAS,CA,95035,2.0,2.0,976.0,814.0,1970,619900,626807,Townhouse for sale,days,17,http://www.zillow.com/homes/recently_sold//homedetails/1663-Dennis-Ave-Milpitas-CA-95035/19477969_zpid/
37.4099,-121.8976,249 Wild Rose Way # 8K5GH1,Milpitas,CA,95035,3.0,2.0,1838.0,-1.0,2019,994272,933040,New construction,walkthrough,2,"http://www.zillow.com/homes/recently_sold/2088383694_zpid/any_days/globalrelevanceex_sort/29.759534,-95.335321,29.675003,-95.502863_rect/12_zm/"
37.37644,-121.857612,783 Beaver Creek Way,SAN JOSE,CA,95133,3.0,2.0,1199.0,1481.0,1972,669000,669665,Townhouse for sale,Sun.,28,http://www.zillow.com/homes/recently_sold//homedetails/783-Beaver-Creek-Way-San-Jose-CA-95133/19571332_zpid/
37.375964,-121.849986,2606 Baton Rouge Dr,SAN JOSE,CA,95133,4.0,4.0,1648.0,897.0,2005,898888,945092,Townhouse for sale,Sun.,9,http://www.zillow.com/homes/recently_sold//homedetails/2606-Baton-Rouge-Dr-San-Jose-CA-95133/79843083_zpid/
37.378506,-121.859258,2392 Taproot Ct,SAN JOSE,CA,95133,2.0,2.0,1042.0,1542.0,1972,585000,607919,Townhouse for sale,,46,http://www.zillow.com/homes/recently_sold//homedetails/2392-Taproot-Ct-San-Jose-CA-95133/19571422_zpid/
37.376054,-121.85976,818 Heartwood Way,SAN JOSE,CA,95133,4.0,3.0,1596.0,1542.0,1972,818000,838080,Townhouse for sale,Sun.,9,http://www.zillow.com/homes/recently_sold//homedetails/818-Heartwood-Way-San-Jose-CA-95133/19571224_zpid/
37.38099,-121.865483,1112 Pepper Rd,San Jose,CA,95133,3.0,3.0,1489.0,435.0,2014,938000,951390,Townhouse for sale,Sun.,54,http://www.zillow.com/homes/recently_sold//homedetails/1112-Pepper-Rd-San-Jose-CA-95133/153240401_zpid/
37.382206,-121.864279,1127 White Peach Way,SAN JOSE,CA,95133,4.0,4.0,2006.0,727.0,2014,1118000,1153945,Townhouse for sale,Sun.,18,http://www.zillow.com/homes/recently_sold//homedetails/1127-White-Peach-Way-San-Jose-CA-95133/124746082_zpid/
37.384207,-121.860243,2578 Rymar Dr,SAN JOSE,CA,95133,2.0,3.0,1028.0,1724.0,1987,895000,855145,Townhouse for sale,Sun.,11,http://www.zillow.com/homes/recently_sold//homedetails/2578-Rymar-Dr-San-Jose-CA-95133/19573826_zpid/
37.379632,-121.864135,1005 Thyme Walkway,San Jose,CA,95133,2.0,3.0,1129.0,435.0,2012,849000,899611,Townhouse for sale,Sun.,12,http://www.zillow.com/homes/recently_sold//homedetails/1005-Thyme-Walkway-San-Jose-CA-95133/2085671931_zpid/
37.37615,-121.857794,2381 Lava Dr,SAN JOSE,CA,95133,2.0,2.0,1042.0,1542.0,1972,599999,626422,Townhouse for sale,days,28,http://www.zillow.com/homes/recently_sold//homedetails/2381-Lava-Dr-San-Jose-CA-95133/19571314_zpid/
37.368198,-121.865468,1935 Nevets Ln,San Jose,CA,95133,3.0,3.0,1894.0,-1.0,2019,1073812,1018208,New construction,Monday,35,http://www.zillow.com/homes/recently_sold//homedetails/1935-Nevets-Ln-San-Jose-CA-95133/2086329422_zpid/
37.374782,-121.848313,2738 Gimelli Way,San Jose,CA,95133,3.0,3.0,1370.0,-1.0,2019,839990,,New construction,Monday,-1523846411,"http://www.zillow.com/homes/recently_sold/2085713913_zpid/any_days/globalrelevanceex_sort/29.759534,-95.335321,29.675003,-95.502863_rect/12_zm/"
37.367838,-121.865647,1895 Midnight Cir # FCYJ18,San Jose,CA,95133,3.0,3.0,1616.0,-1.0,2019,1077990,979595,New construction,Monday,7,"http://www.zillow.com/homes/recently_sold/2088232101_zpid/any_days/globalrelevanceex_sort/29.759534,-95.335321,29.675003,-95.502863_rect/12_zm/"
37.367838,-121.865647,1895 Midnight Cir # QBCYH5,San Jose,CA,95133,3.0,4.0,1988.0,-1.0,2019,1224990,1028532,New construction,Monday,29,"http://www.zillow.com/homes/recently_sold/2088232100_zpid/any_days/globalrelevanceex_sort/29.759534,-95.335321,29.675003,-95.502863_rect/12_zm/"
37.374667,-121.848486,2722 Gimelli Way,San Jose,CA,95133,3.0,3.0,1370.0,-1.0,2019,839990,,New construction,Monday,-1523846411,"http://www.zillow.com/homes/recently_sold/2085713919_zpid/any_days/globalrelevanceex_sort/29.759534,-95.335321,29.675003,-95.502863_rect/12_zm/"
37.367838,-121.865647,1895 Midnight Cir # U1CT9C,San Jose,CA,95133,3.0,4.0,1894.0,-1.0,2019,1192990,1024405,New construction,Monday,3,"http://www.zillow.com/homes/recently_sold/2088232102_zpid/any_days/globalrelevanceex_sort/29.759534,-95.335321,29.675003,-95.502863_rect/12_zm/"
37.373616,-121.848145,637 Toby Ct,San Jose,CA,95133,3.0,3.0,1561.0,-1.0,2019,919990,,New construction,Monday,-1523846411,"http://www.zillow.com/homes/recently_sold/2085713914_zpid/any_days/globalrelevanceex_sort/29.759534,-95.335321,29.675003,-95.502863_rect/12_zm/"
37.374725,-121.848399,2730 Gimelli Way,San Jose,CA,95133,3.0,3.0,1370.0,-1.0,2019,839990,,New construction,Monday,-1523846411,"http://www.zillow.com/homes/recently_sold/2085713917_zpid/any_days/globalrelevanceex_sort/29.759534,-95.335321,29.675003,-95.502863_rect/12_zm/"
37.37387,-121.848391,2671 Beechnut Dr,San Jose,CA,95133,3.0,3.0,1408.0,-1.0,2019,849990,,New construction,Monday,-1523846411,"http://www.zillow.com/homes/recently_sold/2085702710_zpid/any_days/globalrelevanceex_sort/29.759534,-95.335321,29.675003,-95.502863_rect/12_zm/"
37.374696,-121.848442,2726 Gimelli Way,San Jose,CA,95133,3.0,4.0,1552.0,-1.0,2019,899990,,New construction,Monday,-1523846411,"http://www.zillow.com/homes/recently_sold/2085713921_zpid/any_days/globalrelevanceex_sort/29.759534,-95.335321,29.675003,-95.502863_rect/12_zm/"
37.373955,-121.848266,2683 Beechnut Dr,San Jose,CA,95133,3.0,3.0,1408.0,-1.0,2019,849990,,New construction,Monday,-1523846411,"http://www.zillow.com/homes/recently_sold/2085702711_zpid/any_days/globalrelevanceex_sort/29.759534,-95.335321,29.675003,-95.502863_rect/12_zm/"
37.373985,-121.848222,2687 Beechnut Dr,San Jose,CA,95133,3.0,4.0,1644.0,-1.0,2019,919990,,New construction,Monday,-1523846411,"http://www.zillow.com/homes/recently_sold/2085702709_zpid/any_days/globalrelevanceex_sort/29.759534,-95.335321,29.675003,-95.502863_rect/12_zm/"
37.373706,-121.848241,629 Toby Ct,San Jose,CA,95133,3.0,3.0,1561.0,-1.0,2019,919990,,New construction,Monday,-1523846411,"http://www.zillow.com/homes/recently_sold/2085713922_zpid/any_days/globalrelevanceex_sort/29.759534,-95.335321,29.675003,-95.502863_rect/12_zm/"
37.373658,-121.84819,633 Toby Ct,San Jose,CA,95133,3.0,3.0,1710.0,-1.0,2019,979990,,New construction,Monday,-1523846411,"http://www.zillow.com/homes/recently_sold/2085713920_zpid/any_days/globalrelevanceex_sort/29.759534,-95.335321,29.675003,-95.502863_rect/12_zm/"
37.373526,-121.84805,645 Toby Ct,San Jose,CA,95133,3.0,3.0,1561.0,-1.0,2019,919990,,New construction,Monday,-1523846411,"http://www.zillow.com/homes/recently_sold/2085713916_zpid/any_days/globalrelevanceex_sort/29.759534,-95.335321,29.675003,-95.502863_rect/12_zm/"
37.37357,-121.848097,641 Toby Ct,San Jose,CA,95133,3.0,3.0,1710.0,-1.0,2019,979990,,New construction,Monday,-1523846411,"http://www.zillow.com/homes/recently_sold/2085713915_zpid/any_days/globalrelevanceex_sort/29.759534,-95.335321,29.675003,-95.502863_rect/12_zm/"
37.374753,-121.848357,2734 Gimelli Way,San Jose,CA,95133,3.0,4.0,1552.0,-1.0,2019,899990,,New construction,Monday,-1523846411,"http://www.zillow.com/homes/recently_sold/2085713918_zpid/any_days/globalrelevanceex_sort/29.759534,-95.335321,29.675003,-95.502863_rect/12_zm/"
37.310384,-121.758261,3621 Jasmine Cir # 3621,San Jose,CA,95135,3.0,3.0,1346.0,1498.0,2000,970000,,Townhouse for sale,Sun.,1,http://www.zillow.com/homes/recently_sold//homedetails/3621-Jasmine-Cir-3621-San-Jose-CA-95135/2085493163_zpid/
37.314126,-121.775922,3275 Shiraz Pl,SAN JOSE,CA,95135,3.0,3.0,1626.0,1145.0,2001,1059000,1054891,Townhouse for sale,days,32,http://www.zillow.com/homes/recently_sold//homedetails/3275-Shiraz-Pl-San-Jose-CA-95135/54772172_zpid/
37.316483,-121.763921,4286 Voltaire St,SAN JOSE,CA,95135,2.0,3.0,1482.0,2003.0,2005,978000,963537,Townhouse for sale,Sun.,11,http://www.zillow.com/homes/recently_sold//homedetails/4286-Voltaire-St-San-Jose-CA-95135/64439705_zpid/
37.243907,-121.798161,5970 Golden Vista Dr,San Jose,CA,95123,3.0,4.0,1793.0,1793.0,2016,878000,888724,For sale by owner,days,9,http://www.zillow.com/homes/recently_sold//homedetails/5970-Golden-Vista-Dr-San-Jose-CA-95123/166727154_zpid/
37.242206,-121.794962,6102 Charlotte Dr,San Jose,CA,95123,3.0,4.0,1901.0,1716.0,2016,919000,886488,Townhouse for sale,Sun.,3,http://www.zillow.com/homes/recently_sold//homedetails/6102-Charlotte-Dr-San-Jose-CA-95123/166729542_zpid/
37.312012,-121.800529,3588 Klaus Dr,SAN JOSE,CA,95121,3.0,3.0,1625.0,1929.0,1986,780000,749165,Townhouse for sale,days,39,http://www.zillow.com/homes/recently_sold//homedetails/3588-Klaus-Dr-San-Jose-CA-95121/19804964_zpid/
37.242581,-121.797721,801 Lotus Flower Loop,SAN JOSE,CA,95123,4.0,4.0,2258.0,1328.0,2014,1049000,1016895,Townhouse for sale,walkthrough,31,http://www.zillow.com/homes/recently_sold//homedetails/801-Lotus-Flower-Loop-San-Jose-CA-95123/124742878_zpid/
37.242455,-121.79742,6015 Charlotte Dr,SAN JOSE,CA,95123,4.0,4.0,2258.0,1877.0,2014,1034999,1084004,Townhouse for sale,Sun.,10,http://www.zillow.com/homes/recently_sold//homedetails/6015-Charlotte-Dr-San-Jose-CA-95123/124030971_zpid/
37.242968,-121.786865,Raleigh Road And Great Oaks Blvd # 5I7XNJ,San Jose,CA,95119,3.0,4.0,1855.0,-1.0,2019,899990,923374,New construction,days,2,"http://www.zillow.com/homes/recently_sold/2086190945_zpid/any_days/globalrelevanceex_sort/29.759534,-95.335321,29.675003,-95.502863_rect/12_zm/"
37.245121,-121.798653,5816 Brandon Ct,San Jose,CA,95123,3.0,4.0,2093.0,1411.0,2016,988000,970608,Townhouse for sale,days,28,http://www.zillow.com/homes/recently_sold//homedetails/5816-Brandon-Ct-San-Jose-CA-95123/166730076_zpid/
37.242968,-121.786865,Raleigh Road And Great Oaks Blvd # K6M7VL,San Jose,CA,95119,4.0,4.0,2162.0,-1.0,2019,954990,1097049,New construction,days,9,"http://www.zillow.com/homes/recently_sold/2086190936_zpid/any_days/globalrelevanceex_sort/29.759534,-95.335321,29.675003,-95.502863_rect/12_zm/"
37.263791,-121.860411,4703 Holston River Ct,SAN JOSE,CA,95136,4.0,3.0,1760.0,1742.0,1973,775000,785612,Townhouse for sale,Sun.,15,http://www.zillow.com/homes/recently_sold//homedetails/4703-Holston-River-Ct-San-Jose-CA-95136/19701998_zpid/
37.273515,-121.842731,130 Baroni Ave APT 50,SAN JOSE,CA,95136,3.0,3.0,1482.0,4556.0,1981,785000,767657,Townhouse for sale,days,9,http://www.zillow.com/homes/recently_sold//homedetails/130-Baroni-Ave-APT-50-San-Jose-CA-95136/19706469_zpid/
37.274576,-121.842116,130 Baroni Ave APT 19,SAN JOSE,CA,95136,3.0,3.0,1482.0,4791.0,1981,780000,714036,Townhouse for sale,day,1,http://www.zillow.com/homes/recently_sold//homedetails/130-Baroni-Ave-APT-19-San-Jose-CA-95136/19706438_zpid/
37.263597,-121.824406,4948 Rue Le Mans,SAN JOSE,CA,95136,2.0,2.0,988.0,435.0,1984,599888,620230,Townhouse for sale,Sun.,60,http://www.zillow.com/homes/recently_sold//homedetails/4948-Rue-Le-Mans-San-Jose-CA-95136/19818399_zpid/
37.282659,-121.859533,609 King George Ave,SAN JOSE,CA,95136,2.0,3.0,1370.0,1742.0,2000,799000,811860,Coming soon,market,5,http://www.zillow.com/homes/recently_sold//homedetails/609-King-George-Ave-San-Jose-CA-95136/54771010_zpid/
37.283152,-121.850078,2994 Valley Of Hearts Delight Pl # 47ABD2,San Jose,CA,95136,3.0,3.0,1813.0,-1.0,2019,960249,828930,New construction,M:,4,"http://www.zillow.com/homes/recently_sold/2085545132_zpid/any_days/globalrelevanceex_sort/29.759534,-95.335321,29.675003,-95.502863_rect/12_zm/"
37.283152,-121.850078,2994 Valley Of Hearts Delight Pl # OZJAZG,San Jose,CA,95136,2.0,2.0,1895.0,-1.0,2019,919396,782529,New construction,M:,3,"http://www.zillow.com/homes/recently_sold/2085929684_zpid/any_days/globalrelevanceex_sort/29.759534,-95.335321,29.675003,-95.502863_rect/12_zm/"
37.283152,-121.850078,2994 Valley Of Hearts Delight Pl # WIFW05,San Jose,CA,95136,2.0,2.0,1658.0,-1.0,2019,920610,739579,New construction,M:,4,"http://www.zillow.com/homes/recently_sold/2085545130_zpid/any_days/globalrelevanceex_sort/29.759534,-95.335321,29.675003,-95.502863_rect/12_zm/"
37.283152,-121.850078,2994 Valley Of Hearts Delight Pl # HYBE0W,San Jose,CA,95136,4.0,4.0,1995.0,-1.0,2019,1023405,1040975,New construction,M:,4,"http://www.zillow.com/homes/recently_sold/2085545134_zpid/any_days/globalrelevanceex_sort/29.759534,-95.335321,29.675003,-95.502863_rect/12_zm/"
37.283152,-121.850078,2994 Valley Of Hearts Delight Pl # HFUZ31,San Jose,CA,95136,4.0,4.0,2002.0,-1.0,2019,1023405,1050036,New construction,M:,7,"http://www.zillow.com/homes/recently_sold/2085545133_zpid/any_days/globalrelevanceex_sort/29.759534,-95.335321,29.675003,-95.502863_rect/12_zm/"
37.224357,-121.77388,7190 Indian Valley Ct,SAN JOSE,CA,95139,3.0,3.0,1674.0,2059.0,1976,800000,793245,Townhouse for sale,Sun.,37,http://www.zillow.com/homes/recently_sold//homedetails/7190-Indian-Valley-Ct-San-Jose-CA-95139/19842126_zpid/
37.223982,-121.776137,208 Fairway Glen Ln,SAN JOSE,CA,95139,3.0,1.5,1220.0,897.0,1972,665000,649719,Townhouse for sale,days,81,http://www.zillow.com/homes/recently_sold//homedetails/208-Fairway-Glen-Ln-San-Jose-CA-95139/19842069_zpid/
37.242206,-121.794962,6102 Charlotte Dr,San Jose,CA,95123,3.0,4.0,1901.0,1716.0,2016,919000,886488,Townhouse for sale,Sun.,3,http://www.zillow.com/homes/recently_sold//homedetails/6102-Charlotte-Dr-San-Jose-CA-95123/166729542_zpid/
37.242968,-121.786865,Raleigh Road And Great Oaks Blvd # 5I7XNJ,San Jose,CA,95119,3.0,4.0,1855.0,-1.0,2019,899990,923374,New construction,days,2,"http://www.zillow.com/homes/recently_sold/2086190945_zpid/any_days/globalrelevanceex_sort/29.759534,-95.335321,29.675003,-95.502863_rect/12_zm/"
37.242968,-121.786865,Raleigh Road And Great Oaks Blvd # K6M7VL,San Jose,CA,95119,4.0,4.0,2162.0,-1.0,2019,954990,1097049,New construction,days,9,"http://www.zillow.com/homes/recently_sold/2086190936_zpid/any_days/globalrelevanceex_sort/29.759534,-95.335321,29.675003,-95.502863_rect/12_zm/"
37.242968,-121.786865,Raleigh Road And Great Oaks Blvd # 966CKJ,San Jose,CA,95119,2.0,3.0,1601.0,-1.0,2019,829990,826669,New construction,days,13,"http://www.zillow.com/homes/recently_sold/2086190938_zpid/any_days/globalrelevanceex_sort/29.759534,-95.335321,29.675003,-95.502863_rect/12_zm/"
37.349335,-121.794571,1933 Winding Creek Ct,SAN JOSE,CA,95148,3.0,3.0,1720.0,1955.0,1984,699000,723502,Townhouse for sale,Sun.,5,http://www.zillow.com/homes/recently_sold//homedetails/1933-Winding-Creek-Ct-San-Jose-CA-95148/19790684_zpid/
37.350227,-121.793505,1920 Mountain Creek Ct,SAN JOSE,CA,95148,2.0,3.0,1473.0,2178.0,1981,678000,690131,Coming soon,market,64,http://www.zillow.com/homes/recently_sold//homedetails/1920-Mountain-Creek-Ct-San-Jose-CA-95148/19790631_zpid/
37.359186,-121.833485,2603 Declaration Dr,SAN JOSE,CA,95116,2.0,3.0,1074.0,1733.0,1988,649000,643812,Townhouse for sale,Sun.,18,http://www.zillow.com/homes/recently_sold//homedetails/2603-Declaration-Dr-San-Jose-CA-95116/19724915_zpid/
37.310384,-121.758261,3621 Jasmine Cir # 3621,San Jose,CA,95135,3.0,3.0,1346.0,1498.0,2000,970000,,Townhouse for sale,Sun.,1,http://www.zillow.com/homes/recently_sold//homedetails/3621-Jasmine-Cir-3621-San-Jose-CA-95135/2085493163_zpid/
37.315415,-121.827198,1492 La Boheme St,SAN JOSE,CA,95121,2.0,2.0,988.0,757.0,1970,468888,477573,Townhouse for sale,,94,http://www.zillow.com/homes/recently_sold//homedetails/1492-La-Boheme-St-San-Jose-CA-95121/19800668_zpid/
37.314126,-121.775922,3275 Shiraz Pl,SAN JOSE,CA,95135,3.0,3.0,1626.0,1145.0,2001,1059000,1054891,Townhouse for sale,days,32,http://www.zillow.com/homes/recently_sold//homedetails/3275-Shiraz-Pl-San-Jose-CA-95135/54772172_zpid/
37.318218,-121.841932,2183 Summerton Dr,SAN JOSE,CA,95122,2.0,3.0,1052.0,531.0,1985,558000,554795,Townhouse for sale,days,13,http://www.zillow.com/homes/recently_sold//homedetails/2183-Summerton-Dr-San-Jose-CA-95122/19717312_zpid/
37.312012,-121.800529,3588 Klaus Dr,SAN JOSE,CA,95121,3.0,3.0,1625.0,1929.0,1986,780000,749165,Townhouse for sale,days,39,http://www.zillow.com/homes/recently_sold//homedetails/3588-Klaus-Dr-San-Jose-CA-95121/19804964_zpid/
37.316483,-121.763921,4286 Voltaire St,SAN JOSE,CA,95135,2.0,3.0,1482.0,2003.0,2005,978000,963537,Townhouse for sale,Sun.,11,http://www.zillow.com/homes/recently_sold//homedetails/4286-Voltaire-St-San-Jose-CA-95135/64439705_zpid/
37.29992,-121.83755,677 Dadis Way,SAN JOSE,CA,95111,3.0,2.5,1328.0,2619.0,1999,730000,709560,Townhouse for sale,days,150,http://www.zillow.com/homes/recently_sold//homedetails/677-Dadis-Way-San-Jose-CA-95111/19738916_zpid/
